Workbook

Sheet comparison
B1: EI_EGY | C1: EI_WLD | E1: WLDprocess | F1: WLDenergy | G1: WLDelectricity | I1: annual emissions (2021-2025) | J1: No. of plants
A2: Iron & Steel | B2: ='I&S summary'!AO13 -> 0.7988637 | C2: ='I&S summary'!AO15 -> 1.4463878 | E2: ='I&S summary'!AQ13 -> 0.56262989 | F2: ='I&S summary'!AR13 -> 0.33282184 | G2: ='I&S summary'!AS13 -> 0.55093605 | I2: =SUM('I&S summary'!M2:M11)*12 -> 8237818.5 | J2: 10
A3: Aluminum | B3: ='ALU summary'!Q2 -> 2.5 | C3: ='ALU summary'!Q4 -> 2.1385651 | F3: =B3 -> 2.5 | G3: ='ALU summary'!AC2 -> 8.1415377 | I3: ='ALU summary'!W2*12 -> 3026022.5 | J3: 1
A4: Fertilizers | B4: ='Fertilizers summary'!Q7 -> 2.08 | C4: ='Fertilizers summary'!Q10 -> 1.9286683 | I4: =SUM('Fertilizers summary'!M2:M7)*12 -> 9367172.4 | J4: 6
A5: Cement | B5: ='Cement summary'!Q29 -> 0.80218163 | C5: ='Cement summary'!Q36 -> 0.66913589 | E5: ='Cement summary'!R29 -> 0.47302164 | F5: ='Cement summary'!S29 -> 0.27779098 | G5: ='Cement summary'!T29 -> 0.051369 | I5: =SUM('Cement summary'!L15:L27)*12 -> 16388010 | J5: 26

Sheet I&S summary
A1: source_id | B1: source_name | C1: source_type | D1: iso3_country | E1: sector | F1: subsector | G1: start_time | H1: end_time | I1: lat | J1: lon | K1: geometry_ref | L1: gas | M1: emissions_quantity | N1: temporal_granularity | O1: activity | P1: activity_units | Q1: emissions_factor | R1: emissions_factor_units | S1: capacity | T1: capacity_units | U1: capacity_factor | V1: Direct and Indirect emissions factor: includes electricity use | W1: direct and indirect emissions | X1: electricity_use_factor | Y1: electricity_use | Z1: grid_emissions_intensity | AA1: model_methodology | AB1: %scrap_metal_utilized | AC1: %IPPU | AD1: other9 | AE1: other9_def | AF1: other10 | AG1: other10_def | AH1: created_date | AI1: modified_date | AJ1: sector_id | AK1: native_source_id | AL1: reporting_entity | AM1: lat_lon | AN1: Default | AO1: tCO2e/t of steel | AP1: scope1+2 | AQ1: process | AR1: energy | AS1: electricity | AU1: Owner | AV1: Steel product category | AW1: Steel products | AX1: Steel sector end users | AY1: ISO 14001 | AZ1: ISO 50001 | BA1: Main production equipment | BB1: Operational Capacity | BC1: S/BB | BE1: Default_720241 | BF1: Default_720260
A2: 1567210 | B2: Egyptian Steel Ain Sokhna plant | C2: EAF | D2: EGY | E2: manufacturing | F2: iron-and-steel | G2: 44197 | H2: 45961 | I2: 29.640898 | J2: 32.278852 | L2: co2e_100yr | M2: 8636.656 | N2: month | O2: 32714.606 | P2: t of steel | Q2: 0.264 | R2: t of CO2e_100yr per t of steel | S2: 49992.876 | T2: t of steel | U2: 0.65438536 | V2: 0.75579255 | W2: 24725.456 | X2: 0.87 | Y2: 28461.707 | Z2: 0.56527879 | AA2: extrapolation (global) | AB2: 0.8 | AC2: 0.71212121 | AH2: 45502 | AI2: 45994.991 | AK2: TZSTL2406000000151 | AL2: climate-trace | AO2: 0.264 | AP2: 0.75579255 | AQ2: 0.188 | AR2: 0.076 | AS2: 0.49179255 | AU2: NSPO/Ezz Steel Co | AV2: semi-finished, finished rolled[7] | AW2: billet, rebar[7] | AX2: building and infrastructure[7] | BA2: EAF | BB2: 600 | BC2: 83.32146
A3: 1566798 | B3: Egyptian Steel Beni Suef plant | C3: EAF | D3: EGY | E3: manufacturing | F3: iron-and-steel | G3: 44197 | H3: 45961 | I3: 29.155366 | J3: 31.248447 | L3: co2e_100yr | M3: 8636.656 | N3: month | O3: 32714.606 | P3: t of steel | Q3: 0.264 | R3: t of CO2e_100yr per t of steel | S3: 49992.876 | T3: t of steel | U3: 0.65438536 | V3: 0.75579255 | W3: 24725.456 | X3: 0.87 | Y3: 28461.707 | Z3: 0.56527879 | AA3: extrapolation (global) | AB3: 0.8 | AC3: 0.71212121 | AH3: 45502 | AI3: 45994.991 | AK3: TZSTL2403000000413 | AL3: climate-trace | AO3: 0.264 | AP3: 0.75579255 | AQ3: 0.188 | AR3: 0.076 | AS3: 0.49179255 | AU3: NSPO/Ezz Steel Co | AV3: semi-finished, finished rolled[4] | AW3: billet, rebar[4] | AX3: building and infrastructure[4] | BA3: EAF | BB3: 600 | BC3: 83.32146
A4: 42741856 | B4: Al Gioshy Steel Ain Sokhna plant | C4: EAF | D4: EGY | E4: manufacturing | F4: iron-and-steel | G4: 44197 | H4: 45961 | I4: 29.675046 | J4: 32.302791 | L4: co2e_100yr | M4: 7358.734 | N4: month | O4: 27262.172 | P4: t of steel | Q4: 0.26992472 | R4: t of CO2e_100yr per t of steel | S4: 41660.73 | T4: t of steel | U4: 0.65438536 | V4: 0.76171727 | W4: 20766.067 | X4: 0.87 | Y4: 23718.089 | Z4: 0.56527879 | AA4: extrapolation (global) | AC4: 0.70937391 | AH4: 45873 | AI4: 45994.991 | AK4: TZSTL2504000000041 | AL4: climate-trace | AO4: 0.26992472 | AP4: 0.76171727 | AQ4: 0.19147755 | AR4: 0.078447165 | AS4: 0.49179255 | AU4: Al Gioshy | AV4: semi-finished, finished rolled[3] | AW4: billet, rebar[3] | AX4: building and infrastructure | AY4: unknown | AZ4: unknown | BA4: EAF | BB4: 500 | BC4: 83.32146
A5: 1567244 | B5: Delta Steel Mill Al Qalyubia plant | C5: EAF | D5: EGY | E5: manufacturing | F5: iron-and-steel | G5: 44197 | H5: 45961 | I5: 30.118886 | J5: 31.2824 | L5: co2e_100yr | M5: 7358.734 | N5: month | O5: 27262.172 | P5: t of steel | Q5: 0.26992472 | R5: t of CO2e_100yr per t of steel | S5: 41660.73 | T5: t of steel | U5: 0.65438536 | V5: 0.76171727 | W5: 20766.067 | X5: 0.87 | Y5: 23718.089 | Z5: 0.56527879 | AA5: extrapolation (global) | AC5: 0.70937391 | AH5: 45502 | AI5: 45994.991 | AK5: TZSTL2406000000286 | AL5: climate-trace | AO5: 0.26992472 | AP5: 0.76171727 | AQ5: 0.19147755 | AR5: 0.078447165 | AS5: 0.49179255 | AU5: Beshay/NSPO | AV5: semi-finished, finished rolled[2] | AW5: billet, rod, wire, bar[2] | AX5: unknown | AY5: unknown | BA5: EAF | BB5: 500 | BC5: 83.32146
A6: 1566792 | B6: Egyptian American Steel Rolling Company Sadat City plant | C6: EAF | D6: EGY | E6: manufacturing | F6: iron-and-steel | G6: 44197 | H6: 45961 | I6: 30.386034 | J6: 30.570349 | L6: co2e_100yr | M6: 53390.237 | N6: month | O6: 65429.212 | P6: t of steel | Q6: 0.816 | R6: t of CO2e_100yr per t of steel | S6: 99985.752 | T6: t of steel | U6: 0.65438536 | V6: 1.3077926 | W6: 85567.836 | X6: 0.87 | Y6: 56923.415 | Z6: 0.56527879 | AA6: extrapolation (global) | AB6: 0.2 | AC6: 0.62745098 | AH6: 45502 | AI6: 45994.991 | AK6: TZSTL2403000000407 | AL6: climate-trace | AO6: 0.816 | AP6: 1.3077926 | AQ6: 0.512 | AR6: 0.304 | AS6: 0.49179255 | AU6: Beshay | AV6: crude, semi-finished, finished rolled[6] | AW6: wire rod, rebar, billet, angle, profile[6] | AY6: 2020[7] | AZ6: 2020[7] | BA6: EAF | BB6: 1200 | BC6: 83.32146
A7: 1566796 | B7: Ezz Steel Rebar Sadat City plant | C7: EAF | D7: EGY | E7: manufacturing | F7: iron-and-steel | G7: 44197 | H7: 45961 | I7: 30.381542 | J7: 30.564079 | L7: co2e_100yr | M7: 44491.864 | N7: month | O7: 54524.343 | P7: t of steel | Q7: 0.816 | R7: t of CO2e_100yr per t of steel | S7: 83321.46 | T7: t of steel | U7: 0.65438536 | V7: 1.3077926 | W7: 71306.53 | X7: 0.87 | Y7: 47436.179 | Z7: 0.56527879 | AA7: extrapolation (global) | AB7: 0.2 | AC7: 0.62745098 | AH7: 45502 | AI7: 45994.991 | AK7: TZSTL2403000000411 | AL7: climate-trace | AO7: 0.816 | AP7: 1.3077926 | AQ7: 0.512 | AR7: 0.304 | AS7: 0.49179255 | AU7: Ezz Steel Co | AV7: finished rolled[8] | AW7: rebar[8] | AY7: 2021[9] | AZ7: 2021[9] | BA7: EAF | BB7: 1000 | BC7: 83.32146
A8: 1566795 | B8: Ezz Flat Steel Ain Sokhna plant | C8: DRI-EAF | D8: EGY | E8: manufacturing | F8: iron-and-steel | G8: 44197 | H8: 45961 | I8: 29.691079 | J8: 32.323369 | L8: co2e_100yr | M8: 136163.87 | N8: month | O8: 166867.49 | P8: t of steel | Q8: 0.816 | R8: t of CO2e_100yr per t of steel | S8: 256101.54 | T8: t of steel | U8: 0.6515677 | V8: 1.3063337 | W8: 217984.63 | X8: 0.87 | Y8: 145174.72 | Z8: 0.56360192 | AA8: extrapolation (global) | AB8: 0.2 | AC8: 0.62745098 | AH8: 45502 | AI8: 45994.991 | AK8: TZSTL2403000000410 | AL8: climate-trace | AO8: 0.816 | AP8: 1.3063337 | AQ8: 0.512 | AR8: 0.304 | AS8: 0.49033367 | AU8: Ezz Steel Co | AV8: semi-finished, finished rolled[10] | AW8: billet, coil, rebar, hot rolled[10] | AY8: 2021[11] | AZ8: 2021[11] | BA8: DRI; EAF | BB8: 3900 | BC8: 65.667062
A9: 1566794 | B9: Al-Ezz Dekheila Steel Alexandria plant | C9: DRI-EAF | D9: EGY | E9: manufacturing | F9: iron-and-steel | G9: 44197 | H9: 45961 | I9: 31.119724 | J9: 29.80666 | L9: co2e_100yr | M9: 142373.97 | N9: month | O9: 174477.9 | P9: t of steel | Q9: 0.816 | R9: t of CO2e_100yr per t of steel | S9: 266628.67 | T9: t of steel | U9: 0.65438536 | V9: 1.3077926 | W9: 228180.9 | X9: 0.87 | Y9: 151795.77 | Z9: 0.56527879 | AA9: extrapolation (global) | AB9: 0.2 | AC9: 0.62745098 | AH9: 45502 | AI9: 45994.991 | AK9: TZSTL2403000000409 | AL9: climate-trace | AO9: 0.816 | AP9: 1.3077926 | AQ9: 0.512 | AR9: 0.304 | AS9: 0.49179255 | AT9: 1.3077926 | AU9: Ezz Steel Co | AV9: semi-finished, finished rolled[7] | AW9: rebar, wire, flat[7] | AY9: 2018[8] | AZ9: 2021[8] | BA9: DRI; EAF | BB9: 3200 | BC9: 83.32146
A10: 1566797 | B10: Suez Steel Solb Misr Attaka plant | C10: DRI-EAF | D10: EGY | E10: manufacturing | F10: iron-and-steel | G10: 44197 | H10: 45961 | I10: 29.923096 | J10: 32.466083 | L10: co2e_100yr | M10: 114501.12 | N10: month | O10: 114501.12 | P10: t of steel | Q10: 1 | R10: t of CO2e_100yr per t of steel | S10: 174975.07 | T10: t of steel | U10: 0.65438536 | V10: 1.4917926 | W10: 170811.92 | X10: 0.87 | Y10: 99615.975 | Z10: 0.56527879 | AA10: extrapolation (global) | AC10: 0.62 | AH10: 45502 | AI10: 45994.991 | AK10: TZSTL2403000000412 | AL10: climate-trace | AO10: 1 | AP10: 1.4917926 | AQ10: 0.62 | AR10: 0.38 | AS10: 0.49179255 | AU10: Solb Misr | AV10: semi-finished, finished rolled[8] | AW10: slab, rebar, billet[9] | AY10: yes[10] | AZ10: yes[11][10] | BA10: DRI; EAF | BB10: 2100 | BC10: 83.32146
A11: 1566793 | B11: Egyptian Sponge Iron and Steel Company Sadat City plant | C11: DRI-EAF | D11: EGY | E11: manufacturing | F11: iron-and-steel | G11: 44197 | H11: 45961 | I11: 30.393443 | J11: 30.589022 | L11: co2e_100yr | M11: 163573.03 | N11: month | O11: 163573.03 | P11: t of steel | Q11: 1 | R11: t of CO2e_100yr per t of steel | S11: 249964.38 | T11: t of steel | U11: 0.65438536 | V11: 1.4917926 | W11: 244017.03 | X11: 0.87 | Y11: 142308.54 | Z11: 0.56527879 | AA11: extrapolation (global) | AC11: 0.62 | AH11: 45502 | AI11: 45994.991 | AK11: TZSTL2403000000408 | AL11: climate-trace | AO11: 1 | AP11: 1.4917926 | AQ11: 0.62 | AR11: 0.38 | AS11: 0.49179255 | AU11: Beshay | AV11: crude, semi-finished, finished rolled[4] | AW11: wire rod, rebar, billet, angle, profile[4] | BA11: DRI; EAF | BB11: 3000 | BC11: 83.32146
B13: Average EGY | M13: =AVERAGE(M2:M11) -> 68648.487 | O13: =AVERAGE(O2:O11) -> 85932.666 | Q13: =M13/O13 -> 0.7988637 | AO13: =Q13 -> 0.7988637 | AQ13: 0.56262989 | AR13: 0.33282184 | AS13: 0.55093605
AQ14: 0.38898966 | AR14: 0.23010554 | AS14: 0.3809048
B15: Global average | M15: 213865.27 | O15: 147306.15 | Q15: 1.451842 | AO15: 1.4463878
O16: =SUM(O2:O11)*12/1000000 -> 10.31192
A18: 1567316 | B18: Egyptian Iron & Steel Company Cairo plant | C18: BF/BOF | D18: EGY | E18: manufacturing | F18: iron-and-steel | G18: 44197 | H18: 45961 | I18: 29.774458 | J18: 31.312013 | L18: co2e_100yr | M18: 0 | N18: month | O18: 0 | P18: t of steel | Q18: 0.79884684 | R18: t of CO2e_100yr per t of steel | S18: 263769.49 | T18: t of steel | U18: 0 | V18: 1.0405918 | W18: 0 | X18: 0 | Y18: 0 | Z18: 0.56056931 | AA18: extrapolation (global) | AH18: 45502 | AI18: 45994.991 | AK18: TZSTL2406000000152 | AL18: climate-trace | AO18: 0.79884684 | AP18: 1.0405918 | AU18: NSPO (no longer operating) | BA18: 1.69 | BE18: 2.35 | BF18: 3.48

Sheet ALU summary
A1: source_id | B1: source_name | C1: source_type | D1: iso3_country | E1: sector | F1: subsector | G1: start_time | H1: end_time | I1: lat | J1: lon | K1: geometry_ref | L1: gas | M1: emissions_quantity | N1: temporal_granularity | O1: activity | P1: activity_units | Q1: direct_emissions_factor | R1: emissions_factor_units | S1: capacity | T1: capacity_units | U1: capacity_factor | V1: total emissions factor. Aluminium: anode Consumption emissions + anode Production Emissions + Electrolysis Electricity Emissions. Alumina: Refining direct emissions + electricity use emissions | W1: total emissions | X1: electricity_use_factor | Y1: electricity_use | Z1: grid_emissions_intensity | AB1: scope_1 | AC1: scope_2
A2: 3673054 | B2: Nag Hammadi aluminium plant | C2: Smelting | D2: EGY | E2: manufacturing | F2: aluminum | G2: 44197 | H2: 45931 | I2: 25.990817 | J2: 32.331312 | L2: co2e_100yr | M2: 59232.571 | N2: month | O2: 23693.028 | P2: t of alumina/aluminum | Q2: 2.5 | R2: t of CO2e_100yr per t of alumina/aluminum | S2: 26662.867 | T2: t of alumina/aluminum | U2: 0.88861518 | V2: 10.643154 | W2: 252168.54 | X2: 14.406069 | Y2: 341323.4 | Z2: 0.56514638 | AB2: 2.5 | AC2: 8.1415377
B4: Global average | M4: 115482.45 | O4: 53999.969 | Q4: 2.1385651 | S4: 66524.551 | U4: 0.81172993
B59: Global multi-year total | M59: 2.0830724e+09 | O59: 9.7405144e+08 | Q59: 2.1385651 | AA59: 2.1387719 | AB59: 2.1385739 | AC59: 0.00019803163

Sheet Fertilizers summary
A1: source_id | B1: source_name | C1: source_type | D1: iso3_country | E1: sector | F1: subsector | G1: start_time | H1: end_time | I1: lat | J1: lon | K1: geometry_ref | L1: gas | M1: emissions_quantity | N1: temporal_granularity | O1: activity | P1: activity_units | Q1: emissions_factor | R1: emissions_factor_units | S1: capacity | T1: capacity_units | U1: capacity_factor | V1: other1 | W1: other1_def
A2: 45257029 | B2: Abu Qir Fertilizer Complex | C2: ammonia | D2: EGY | E2: manufacturing | F2: chemicals | G2: 45931 | H2: 45961 | I2: 31.271681 | J2: 30.096651 | L2: co2e_100yr | M2: 270634.23 | N2: month | O2: 130112.61 | P2: t of chemical | Q2: 2.08 | R2: t of CO2e_100yr per t of chemical | S2: 183333.33 | T2: t of chemical | U2: 0.70970516 | W2: model_methodology
A3: 45257030 | B3: Alexandria Fertilizer Complex | C3: ammonia | D3: EGY | E3: manufacturing | F3: chemicals | G3: 45931 | H3: 45961 | I3: 31.272363 | J3: 30.092262 | L3: co2e_100yr | M3: 78576.189 | N3: month | O3: 37777.014 | P3: t of chemical | Q3: 2.08 | R3: t of CO2e_100yr per t of chemical | S3: 53229.167 | T3: t of chemical | U3: 0.70970516 | W3: model_methodology
A4: 45257033 | B4: Aswan Kima Fertilizer Complex | C4: ammonia | D4: EGY | E4: manufacturing | F4: chemicals | G4: 45931 | H4: 45961 | I4: 24.061147 | J4: 32.916187 | L4: co2e_100yr | M4: 63611.346 | N4: month | O4: 30582.378 | P4: t of chemical | Q4: 2.08 | R4: t of CO2e_100yr per t of chemical | S4: 43091.667 | T4: t of chemical | U4: 0.70970516 | W4: model_methodology
A5: 45257062 | B5: Damietta Fertilizers Complex | C5: ammonia | D5: EGY | E5: manufacturing | F5: chemicals | G5: 45931 | H5: 45961 | I5: 31.462988 | J5: 31.779903 | L5: co2e_100yr | M5: 246031.12 | N5: month | O5: 118284.19 | P5: t of chemical | Q5: 2.08 | R5: t of CO2e_100yr per t of chemical | S5: 166666.67 | T5: t of chemical | U5: 0.70970516 | W5: model_methodology
A6: 45257105 | B6: Helwan Fertilizer Plant | C6: ammonia | D6: EGY | E6: manufacturing | F6: chemicals | G6: 45931 | H6: 45961 | I6: 29.775872 | J6: 31.302214 | L6: co2e_100yr | M6: 72538.586 | N6: month | O6: 34874.32 | P6: t of chemical | Q6: 2.08 | R6: t of CO2e_100yr per t of chemical | S6: 49139.167 | T6: t of chemical | U6: 0.70970516 | W6: model_methodology
A7: 45257154 | B7: Nitrogenous Fertilizer Complex | C7: ammonia | D7: EGY | E7: manufacturing | F7: chemicals | G7: 45931 | H7: 45961 | I7: 29.94631 | J7: 32.467276 | L7: co2e_100yr | M7: 49206.224 | N7: month | O7: 23656.839 | P7: t of chemical | Q7: 2.08 | R7: t of CO2e_100yr per t of chemical | S7: 33333.333 | T7: t of chemical | U7: 0.70970516 | W7: model_methodology
B10: Global average | M10: =AVERAGE([1]chemicals_emissions_sources_v5_!M:M) -> 104919.23 | O10: =AVERAGE([1]chemicals_emissions_sources_v5_!O:O) -> 54399.832 | Q10: =M10/O10 -> 1.9286683 | S10: =AVERAGE([1]chemicals_emissions_sources_v5_!S:S) -> 72560.58 | U10: =O10/S10 -> 0.74971607

Sheet Cement summary
A1: source_id | B1: source_name | C1: source_type | D1: iso3_country | E1: sector | F1: subsector | G1: start_time | H1: end_time | I1: lat | J1: lon | K1: source# | L1: emissions_quantity | M1: activity | N1: emissions_factor_direct | O1: capacity | P1: capacity_factor | Q1: scope1+2 | R1: calcination | S1: fuel | T1: electricity | U1: electricity_use_factor | V1: electricity_use | W1: grid_intensity | X1: cement_type | Y1: other8 | Z1: other8_def | AA1: clinker_to_cement_ratio | AB1: model_methodology | AD1: default1+2 | AE1: default_1 | AF1: default_2 | AG1: scope1+2 | AH1: scope_1 | AI1: scope_2
A2: 1896681 | B2: Tura Cement Plant | C2: integrated dry | D2: EGY | E2: manufacturing | F2: cement | G2: 44197 | H2: 45961 | I2: 29.925949 | J2: 31.303294 | K2: 1 | L2: 90589.861 | M2: 154282.17 | N2: 0.58717 | O2: 333285.84 | P2: 0.46291247 | Q2: 0.638539 | R2: 0.35997 | S2: 0.2272 | T2: 0.051369 | U2: 0.091 | V2: 14039.677 | W2: 0.56449451 | X2: blended grey | Z2: ers_technology | AA2: 0.71 | AB2: extrapolation (national) | AD2: 1.29 | AE2: 1.24 | AF2: 0.05 | AG2: 0.638539 | AH2: 0.58717 | AI2: 0.051369
A3: 1896686 | B3: Qift Cement Plant | C3: integrated dry | D3: EGY | E3: manufacturing | F3: cement | G3: 44197 | H3: 45961 | I3: 26.025744 | J3: 32.93928 | K3: 2 | L3: 43821.026 | M3: 74630.901 | N3: 0.58717 | O3: 166642.92 | P3: 0.44784922 | Q3: 0.63866144 | R3: 0.35997 | S3: 0.2272 | T3: 0.051491444 | U3: 0.091 | V3: 6791.412 | W3: 0.56584004 | X3: blended grey | Z3: ers_technology | AA3: 0.71 | AB3: satellite | AD3: 1.29 | AE3: 1.24 | AF3: 0.05 | AG3: 0.63866144 | AH3: 0.58717 | AI3: 0.051491444
A4: 1896685 | B4: Beni Mazar Cement Plant | C4: integrated dry | D4: EGY | E4: manufacturing | F4: cement | G4: 44197 | H4: 45961 | I4: 28.411791 | J4: 30.965478 | K4: 3 | L4: 25724.166 | M4: 43810.423 | N4: 0.58717 | O4: 183307.21 | P4: 0.239 | Q4: 0.63859759 | R4: 0.35997 | S4: 0.2272 | T4: 0.051427586 | U4: 0.091 | V4: 3986.7485 | W4: 0.5651383 | X4: blended grey | Z4: ers_technology | AA4: 0.71 | AB4: extrapolation (plant) | AD4: 1.29 | AE4: 1.24 | AF4: 0.05 | AG4: 0.63859759 | AH4: 0.58717 | AI4: 0.051427586
A5: 1896679 | B5: Cairo Governorate Desert Cement Plant | C5: integrated dry | D5: EGY | E5: manufacturing | F5: cement | G5: 44197 | H5: 45961 | I5: 29.919089 | J5: 31.531417 | K5: 4 | L5: 39665.538 | M5: 58396.081 | N5: 0.67925 | O5: 124982.19 | P5: 0.46723522 | Q5: 0.73046095 | R5: 0.48165 | S5: 0.1976 | T5: 0.051210953 | U5: 0.091 | V5: 5314.0434 | W5: 0.56275773 | X5: opc grey | Y5: alternative_fuel | Z5: ers_technology | AA5: 0.95 | AB5: satellite | AD5: 1.29 | AE5: 1.24 | AF5: 0.05 | AG5: 0.73046095 | AH5: 0.67925 | AI5: 0.051210953
A6: 1896683 | B6: Lafarge Attaka Cement Plant | C6: integrated dry | D6: EGY | E6: manufacturing | F6: cement | G6: 44197 | H6: 45961 | I6: 29.806151 | J6: 32.086901 | K6: 5 | L6: 333038.26 | M6: 490302.93 | N6: 0.67925 | O6: 849878.89 | P6: 0.57690917 | Q6: 0.73057939 | R6: 0.48165 | S6: 0.1976 | T6: 0.051329393 | U6: 0.091 | V6: 44617.566 | W6: 0.56405926 | X6: opc grey | Y6: alternative_fuel | Z6: ers_technology | AA6: 0.95 | AB6: satellite | AD6: 1.29 | AE6: 1.24 | AF6: 0.05 | AG6: 0.73057939 | AH6: 0.67925 | AI6: 0.051329393
A7: 32438372 | B7: Suez Cement Attaka Plant | C7: integrated dry | D7: EGY | E7: manufacturing | F7: cement | G7: 44197 | H7: 45961 | I7: 29.771831 | J7: 32.211582 | K7: 6 | L7: 69597.99 | M7: 102463 | N7: 0.67925 | O7: 266628.67 | P7: 0.38429099 | Q7: 0.73060931 | R7: 0.48165 | S7: 0.1976 | T7: 0.051359314 | U7: 0.091 | V7: 9324.1327 | W7: 0.56438807 | X7: opc grey | Y7: alternative_fuel | Z7: ers_technology | AA7: 0.95 | AB7: satellite | AD7: 1.29 | AE7: 1.24 | AF7: 0.05 | AG7: 0.73060931 | AH7: 0.67925 | AI7: 0.051359314
A8: 1896673 | B8: Arabian Cement Attaka Plant | C8: integrated dry | D8: EGY | E8: manufacturing | F8: cement | G8: 44197 | H8: 45961 | I8: 29.797812 | J8: 32.147944 | K8: 7 | L8: 171154.99 | M8: 251976.43 | N8: 0.67925 | O8: 416607.3 | P8: 0.60482961 | Q8: 0.73044959 | R8: 0.48165 | S8: 0.1976 | T8: 0.051199588 | U8: 0.091 | V8: 22929.855 | W8: 0.56263284 | X8: opc grey | Y8: alternative_fuel | Z8: ers_technology | AA8: 0.95 | AB8: satellite | AD8: 1.29 | AE8: 1.24 | AF8: 0.05 | AG8: 0.73044959 | AH8: 0.67925 | AI8: 0.051199588
A9: 32438384 | B9: Titan Cement Beni Suef Plant | C9: integrated dry | D9: EGY | E9: manufacturing | F9: cement | G9: 44197 | H9: 45961 | I9: 29.048488 | J9: 31.166374 | K9: 8 | L9: 30694.134 | M9: 45188.272 | N9: 0.67925 | O9: 124982.19 | P9: 0.3615577 | Q9: 0.73054347 | R9: 0.48165 | S9: 0.1976 | T9: 0.051293472 | U9: 0.091 | V9: 4112.1328 | W9: 0.56366452 | X9: opc grey | Y9: alternative_fuel | Z9: ers_technology | AA9: 0.95 | AB9: satellite | AD9: 1.29 | AE9: 1.24 | AF9: 0.05 | AG9: 0.73054347 | AH9: 0.67925 | AI9: 0.051293472
A10: 1896691 | B10: Dekhela Cement Plant | C10: integrated dry | D10: EGY | E10: manufacturing | F10: cement | G10: 44197 | H10: 45961 | I10: 31.141703 | J10: 29.837925 | K10: 9 | L10: 47471.331 | M10: 69887.864 | N10: 0.67925 | O10: 183307.21 | P10: 0.38126085 | Q10: 0.73065634 | R10: 0.48165 | S10: 0.1976 | T10: 0.051406337 | U10: 0.091 | V10: 6359.7956 | W10: 0.5649048 | X10: opc grey | Y10: alternative_fuel | Z10: ers_technology | AA10: 0.95 | AB10: satellite | AD10: 1.29 | AE10: 1.24 | AF10: 0.05 | AG10: 0.73065634 | AH10: 0.67925 | AI10: 0.051406337
A11: 32438370 | B11: Helwan Cement Plant | C11: integrated semidry | D11: EGY | E11: manufacturing | F11: cement | G11: 44197 | H11: 45961 | I11: 29.822432 | J11: 31.308812 | K11: 10 | L11: 141541.43 | M11: 195911.88 | N11: 0.722475 | O11: 666571.68 | P11: 0.2939097 | Q11: 0.77393904 | R11: 0.48165 | S11: 0.240825 | T11: 0.051464043 | U11: 0.091 | V11: 17827.981 | W11: 0.56553893 | X11: opc grey | Y11: alternative_fuel | Z11: ers_technology | AA11: 0.95 | AB11: satellite | AD11: 1.29 | AE11: 1.24 | AF11: 0.05 | AG11: 0.77393904 | AH11: 0.722475 | AI11: 0.051464043
A12: 1896696 | B12: National Cement El Hassana Cement Plant | C12: integrated dry | D12: EGY | E12: manufacturing | F12: cement | G12: 44197 | H12: 45961 | I12: 30.702358 | J12: 33.851625 | K12: 11 | L12: 125518.87 | M12: 159764.36 | N12: 0.78565 | O12: 583250.22 | P12: 0.2739208 | Q12: 0.8369722 | R12: 0.48165 | S12: 0.304 | T12: 0.051322196 | U12: 0.091 | V12: 14538.557 | W12: 0.56398017 | X12: opc grey | Z12: ers_technology | AA12: 0.95 | AB12: satellite | AD12: 1.29 | AE12: 1.24 | AF12: 0.05 | AG12: 0.8369722 | AH12: 0.78565 | AI12: 0.051322196
A13: 32438366 | B13: BMIC Asyut Cement Plant | C13: integrated dry | D13: EGY | E13: manufacturing | F13: cement | G13: 44197 | H13: 45961 | I13: 26.963232 | J13: 31.151133 | K13: 12 | L13: 46426.362 | M13: 59092.932 | N13: 0.78565 | O13: 124982.19 | P13: 0.47281082 | Q13: 0.83700423 | R13: 0.48165 | S13: 0.304 | T13: 0.051354229 | U13: 0.091 | V13: 5377.4568 | W13: 0.56433218 | X13: opc grey | Z13: ers_technology | AA13: 0.95 | AB13: satellite | AD13: 1.29 | AE13: 1.24 | AF13: 0.05 | AG13: 0.83700423 | AH13: 0.78565 | AI13: 0.051354229
A14: 1896676 | B14: Assiuit Cement Asyut Plant | C14: integrated dry | D14: EGY | E14: manufacturing | F14: cement | G14: 44197 | H14: 45961 | I14: 27.170883 | J14: 31.01503 | K14: 13 | L14: 169828.19 | M14: 216162.65 | N14: 0.78565 | O14: 474932.32 | P14: 0.45514412 | Q14: 0.83708094 | R14: 0.48165 | S14: 0.304 | T14: 0.051430939 | U14: 0.091 | V14: 19670.801 | W14: 0.56517516 | X14: opc grey | Z14: ers_technology | AA14: 0.95 | AB14: satellite | AD14: 1.29 | AE14: 1.24 | AF14: 0.05 | AG14: 0.83708094 | AH14: 0.78565 | AI14: 0.051430939
A15: 42547371 | B15: National Cement New Beni Suef Cement Plant | C15: integrated dry | D15: EGY | E15: manufacturing | F15: cement | G15: 44197 | H15: 45961 | I15: 29.016974 | J15: 31.20242 | K15: 14 | L15: 363635.36 | M15: 462846.51 | N15: 0.78565 | O15: 999857.52 | P15: 0.46291247 | Q15: 0.837019 | R15: 0.48165 | S15: 0.304 | T15: 0.051369 | U15: 0.091 | V15: 42119.032 | W15: 0.56449451 | X15: opc grey | Z15: ers_technology | AA15: 0.95 | AB15: extrapolation (national) | AD15: 1.29 | AE15: 1.24 | AF15: 0.05 | AG15: 0.837019 | AH15: 0.78565 | AI15: 0.051369
A16: 1896675 | B16: Sinai El Hassana Cement Plant | C16: integrated dry | D16: EGY | E16: manufacturing | F16: cement | G16: 44197 | H16: 45961 | I16: 30.727805 | J16: 33.775658 | K16: 15 | L16: 87878.545 | M16: 111854.57 | N16: 0.78565 | O16: 241632.23 | P16: 0.46291247 | Q16: 0.837019 | R16: 0.48165 | S16: 0.304 | T16: 0.051369 | U16: 0.091 | V16: 10178.766 | W16: 0.56449451 | X16: opc grey | Z16: ers_technology | AA16: 0.95 | AB16: extrapolation (national) | AD16: 1.29 | AE16: 1.24 | AF16: 0.05 | AG16: 0.837019 | AH16: 0.78565 | AI16: 0.051369
A17: 42547266 | B17: Juhayna West Cement Plant | C17: integrated dry | D17: EGY | E17: manufacturing | F17: cement | G17: 44197 | H17: 45961 | I17: 26.65769 | J17: 31.321188 | K17: 16 | L17: 60605.893 | M17: 77141.085 | N17: 0.78565 | O17: 166642.92 | P17: 0.46291247 | Q17: 0.837019 | R17: 0.48165 | S17: 0.304 | T17: 0.051369 | U17: 0.091 | V17: 7019.8387 | W17: 0.56449451 | X17: opc grey | Z17: ers_technology | AA17: 0.95 | AB17: extrapolation (national) | AD17: 1.29 | AE17: 1.24 | AF17: 0.05 | AG17: 0.837019 | AH17: 0.78565 | AI17: 0.051369
A18: 1896693 | B18: WNCC New Beni Suef Cement Plant | C18: integrated dry | D18: EGY | E18: manufacturing | F18: cement | G18: 44197 | H18: 45961 | I18: 29.127503 | J18: 31.283915 | K18: 17 | L18: 104178.26 | M18: 132601.36 | N18: 0.78565 | O18: 199971.5 | P18: 0.66310126 | Q18: 0.8371133 | R18: 0.48165 | S18: 0.304 | T18: 0.051463302 | U18: 0.091 | V18: 12066.723 | W18: 0.5655308 | X18: opc grey | Z18: ers_technology | AA18: 0.95 | AB18: satellite | AD18: 1.29 | AE18: 1.24 | AF18: 0.05 | AG18: 0.8371133 | AH18: 0.78565 | AI18: 0.051463302
A19: 1896690 | B19: South Valley Bani Suef Desert Cement Plant | C19: integrated dry | D19: EGY | E19: manufacturing | F19: cement | G19: 44197 | H19: 45961 | I19: 29.127053 | J19: 31.268772 | K19: 18 | L19: 73212.646 | M19: 93187.356 | N19: 0.78565 | O19: 183307.21 | P19: 0.5083671 | Q19: 0.83708219 | R19: 0.48165 | S19: 0.304 | T19: 0.051432187 | U19: 0.091 | V19: 8480.0494 | W19: 0.56518887 | X19: opc grey | Z19: ers_technology | AA19: 0.95 | AB19: satellite | AD19: 1.29 | AE19: 1.24 | AF19: 0.05 | AG19: 0.83708219 | AH19: 0.78565 | AI19: 0.051432187
A20: 1896687 | B20: Aswan Cement Plant | C20: integrated dry | D20: EGY | E20: manufacturing | F20: cement | G20: 44197 | H20: 45961 | I20: 23.490061 | J20: 32.230428 | K20: 19 | L20: 32122.348 | M20: 40886.334 | N20: 0.78565 | O20: 62491.095 | P20: 0.65427456 | Q20: 0.83695224 | R20: 0.48165 | S20: 0.304 | T20: 0.051302242 | U20: 0.091 | V20: 3720.6564 | W20: 0.5637609 | X20: opc grey | Z20: ers_technology | AA20: 0.95 | AB20: satellite | AD20: 1.29 | AE20: 1.24 | AF20: 0.05 | AG20: 0.83695224 | AH20: 0.78565 | AI20: 0.051302242
A21: 1896682 | B21: Borg El Arab Cement Plant | C21: integrated dry | D21: EGY | E21: manufacturing | F21: cement | G21: 44197 | H21: 45961 | I21: 30.880353 | J21: 29.465689 | K21: 20 | L21: 226458.97 | M21: 288244.09 | N21: 0.78565 | O21: 399943.01 | P21: 0.72071293 | Q21: 0.83695079 | R21: 0.48165 | S21: 0.304 | T21: 0.051300795 | U21: 0.091 | V21: 26230.213 | W21: 0.563745 | X21: opc grey | Z21: ers_technology | AA21: 0.95 | AB21: satellite | AD21: 1.29 | AE21: 1.24 | AF21: 0.05 | AG21: 0.83695079 | AH21: 0.78565 | AI21: 0.051300795
A22: 1896684 | B22: MBCC New Bani Suef Cement Plant | C22: integrated dry | D22: EGY | E22: manufacturing | F22: cement | G22: 44197 | H22: 45961 | I22: 28.9235 | J22: 31.079175 | K22: 21 | L22: 65251.693 | M22: 83054.405 | N22: 0.78565 | O22: 249964.38 | P22: 0.33226496 | Q22: 0.83697747 | R22: 0.48165 | S22: 0.304 | T22: 0.051327469 | U22: 0.091 | V22: 7557.9508 | W22: 0.56403812 | X22: opc grey | Z22: ers_technology | AA22: 0.95 | AB22: satellite | AD22: 1.29 | AE22: 1.24 | AF22: 0.05 | AG22: 0.83697747 | AH22: 0.78565 | AI22: 0.051327469
A23: 1896677 | B23: Qena Desert Cement Plant | C23: integrated dry | D23: EGY | E23: manufacturing | F23: cement | G23: 44197 | H23: 45961 | I23: 26.253666 | J23: 32.971082 | K23: 22 | L23: 37846.343 | M23: 48172.014 | N23: 0.78565 | O23: 124982.19 | P23: 0.38543103 | Q23: 0.83714696 | R23: 0.48165 | S23: 0.304 | T23: 0.051496961 | U23: 0.091 | V23: 4383.6533 | W23: 0.56590067 | X23: opc grey | Z23: ers_technology | AA23: 0.95 | AB23: satellite | AD23: 1.29 | AE23: 1.24 | AF23: 0.05 | AG23: 0.83714696 | AH23: 0.78565 | AI23: 0.051496961
... A27: 1896689 | B27: Sinai White Cement El Hassana Plant | C27: integrated dry | D27: EGY | E27: manufacturing | F27: cement | G27: 44197 | H27: 45961 | I27: 30.721056 | J27: 33.77247 | K27: 26 | L27: 46956.778 | M27: 46059.99 | N27: 1.01947 | O27: 99985.752 | P27: 0.46066554 | Q27: 1.071003 | R27: 0.49179 | S27: 0.52768 | T27: 0.051533031 | U27: 0.091 | V27: 4191.4591 | W27: 0.56629705 | X27: opc white | Z27: ers_technology | AA27: 0.97 | AB27: extrapolation (plant) | AD27: 1.36 | AE27: 1.23 | AF27: 0.13 | AG27: 1.071003 | AH27: 1.01947 | AI27: 0.051533031
B29: weighted average | L29: total | M29: 3597088.8 | Q29: 0.80218163 | R29: 0.47302164 | S29: 0.27779098 | T29: 0.051369 | AE29: 1.2394111 | AF29: 0.054711305 | AG29: 0.80218163 | AH29: 0.75081263 | AI29: 0.051369
L30: grey | M30: 3385251.5 | N30: 0.94110868 | R30: 0.58966901 | S30: 0.34629437 | T30: 0.06403662
L31: white | M31: 211837.29 | S31: 0.38694075
S32: 0.29090909
S33: 0.51760228
B36: Global average | E36: manufacturing | F36: cement | L36: co2e_100yr | M36: 61913.948 | N36: month | O36: 92528.213 | P36: t of cement | Q36: 0.66913589 | R36: t of CO2e_100yr per t of cement | S36: 169868.72 | T36: t of cement | U36: 0.54470425 | V36: 0.7191534 | W36: Direct and Indirect emissions factor: calcination, fuel use and electricity use | X36: 0.41840034 | Y36: Calcination | Z36: 0.25073555 | AA36: Fuel emissions factor | AB36: 0.050017509 | AC36: electricity_use_factor | AD36: 8420.0674 | AE36: electricity_use | AF36: 0.6615 | AG36: grid_emissions_intensity | AH36: opc grey | AI36: cement_type | AK36: ers_technology | AL36: 0.95 | AM36: clinker_to_cement_ratio | AN36: extrapolation (national) | AO36: model_methodology | AP36: 45845 | AQ36: 45995.253 | AS36: TZCMT2505000000157 | AT36: 76 | AU36: climate-trace

Sheet info
A1: monthly averages
A2: Climate Trace data 1/2021 - 10/2025
